gene_name,utr5_cpm,utr5_ai_rate,utr5_m6a_rate,utr5_unmod_rate,utr3_cpm,utr3_ai_rate,utr3_m6a_rate,utr3_unmod_rate,exon_cpm,exon_ai_rate,exon_m6a_rate,exon_unmod_rate,intron_cpm,intron_ai_rate,intron_m6a_rate,intron_unmod_rate,utr5_either_rate,utr3_either_rate,exon_either_rate,intron_either_rate,total_ai_rate,total_m6a_rate,total_either_rate,total_cpm
AZIN1,170.509536,0.084891,0.214964,0.703467,8553.550469666667,0.063198,0.230168,0.707257,367.23583299999996,0.055253,0.198308,0.747776,19.035285333333334,0.077064,0.230778,0.695805,0.299855,0.293366,0.25356100000000004,0.307842,0.0701015,0.2185545,0.288656,2277.582781
TMEM230,62.01550366666667,0.049856,0.178171,0.771973,8605.712462333333,0.059552,0.162571,0.779177,3168.4444443333336,0.064996,0.139127,0.797949,21.810799,0.064486,0.21041,0.726382,0.22802699999999998,0.222123,0.204123,0.27489600000000003,0.0597225,0.17256975,0.23229224999999998,2964.495802333334
ZNF429,120.22357699999999,0.060088,0.203247,0.739343,71.198661,0.048881,0.210471,0.742166,16.903479,0.02774,0.116282,0.855978,8.655852333333334,0.056861,0.237235,0.707888,0.263335,0.25935199999999997,0.14402199999999998,0.294096,0.048392500000000005,0.19180875,0.24020124999999998,54.245392333333335
PPM1B,23.952096,0.007487,0.184896,0.807617,1177.4008303333335,0.056212,0.20523,0.741561,603.1102096666667,0.068438,0.130219,0.804892,4.6744113333333335,0.062398,0.225945,0.716309,0.192383,0.261442,0.198657,0.288343,0.04863375,0.18657249999999997,0.23520625,452.28438683333343
VPS35,643.3973239999999,0.064981,0.210558,0.728088,1156.5352496666667,0.055337,0.157637,0.788174,512.1693123333333,0.056255,0.111582,0.834244,16.451046,0.070559,0.219397,0.710769,0.275539,0.212974,0.16783700000000001,0.289956,0.06178299999999999,0.1747935,0.2365765,582.138233
COPA,9455.439056333335,0.058293,0.235702,0.710131,3026.499774666667,0.068703,0.217708,0.715692,242.80992566666666,0.071573,0.19476,0.736,17.629461,0.076167,0.199426,0.726084,0.293995,0.286411,0.266333,0.275593,0.068684,0.21189899999999998,0.28058299999999997,3185.594554416667
KAT6B,15.416566999999999,0.056772,0.141091,0.802825,1048.7721103333333,0.059574,0.239791,0.703591,114.54853566666668,0.086317,0.283466,0.635893,1.3725846666666666,0.061487,0.213333,0.730135,0.197863,0.299365,0.369783,0.27482,0.0660375,0.21942024999999998,0.28545775,295.0274494166666
SPPL3,62.015504,0.049656,0.227497,0.722847,1387.1702156666668,0.066152,0.241581,0.694799,136.796537,0.103005,0.224082,0.677009,4.1086990000000005,0.140206,0.235682,0.628246,0.277153,0.307733,0.327087,0.375888,0.08975475,0.2322105,0.32196525,397.52273891666664
GATAD2B,117.56569833333332,0.103539,0.205882,0.691728,708.5626913333334,0.075347,0.241636,0.684663,11.7845115,0.044085,0.061105,0.899368,116.46339833333333,0.060492,0.188988,0.753851,0.309421,0.316983,0.10519,0.24947999999999998,0.07086574999999999,0.17440275,0.2452685,238.59407487500002
RAB12,7.067138,0.021484,0.048828,0.929688,385.11904733333336,0.053039,0.217476,0.734731,18.594104333333334,0.089272,0.19255,0.718178,15.011990333333335,0.057823,0.260777,0.686942,0.070312,0.270515,0.281822,0.3186,0.05540450000000001,0.17990774999999998,0.23531225,106.44807000000002
EIF3I,0.0,0.0,0.0,0.0,2729.3453250000002,0.058072,0.160792,0.783612,2322.7302846666666,0.066447,0.084385,0.850912,19.850102,0.082317,0.12989,0.790689,0.0,0.218864,0.15083200000000002,0.212207,0.051709000000000005,0.09376675,0.14547575000000001,1690.641903888889
KDM5A,13.860014,0.131836,0.330859,0.537305,607.3977226666667,0.06486,0.221777,0.71547,43.140906333333334,0.071366,0.228736,0.703429,7.492689666666667,0.071442,0.246229,0.682678,0.462695,0.28663700000000003,0.300102,0.31767100000000004,0.08487600000000001,0.25690025,0.34177625000000006,167.97283316666667
DOT1L,33.482143,0.027865,0.011719,0.960417,2550.690021,0.090404,0.252766,0.660063,1337.0000483333333,0.087184,0.210479,0.704803,6.256076,0.116643,0.195193,0.694714,0.039584,0.34317,0.297663,0.311836,0.080524,0.16753924999999997,0.24806325,981.8570720833334
RAB11B,140.350877,0.108724,0.090983,0.800293,4715.962441333332,0.091084,0.230743,0.682786,2164.3835616666665,0.088322,0.127154,0.786128,18.49118633333333,0.102434,0.219609,0.682045,0.199707,0.321827,0.215476,0.32204299999999997,0.097641,0.16712225,0.26476325,1759.797016583333
MKRN1,56.419113,0.083227,0.227838,0.689015,2184.038745,0.073598,0.24268,0.684948,264.96902966666664,0.080256,0.266156,0.659159,11.830844,0.131326,0.218907,0.663171,0.31106500000000004,0.316278,0.346412,0.350233,0.09210175,0.23889525,0.330997,629.3144329166666
TSG101,3.7453186666666674,0.13099,0.236979,0.648698,684.7363393333334,0.070927,0.090991,0.839589,173.16982533333336,0.07294,0.087589,0.841457,48.861847666666655,0.067336,0.17063,0.765371,0.367969,0.161918,0.160529,0.237966,0.08554825,0.14654725000000002,0.2320955,227.62833275000003
CD247,25.92264133333333,0.053752,0.234293,0.715012,1593.166879,0.072043,0.225381,0.705428,160.21107,0.076337,0.248325,0.680678,4.886048,0.067171,0.209748,0.72567,0.288045,0.297424,0.324662,0.27691899999999997,0.06732574999999999,0.22943675000000002,0.2967625,446.0466595833334
RAB10,966.9841270000001,0.095748,0.07554,0.831962,8361.419372666667,0.057774,0.21044,0.734588,1225.538972,0.066907,0.068246,0.865968,14.357279,0.07823,0.222518,0.704102,0.171288,0.268214,0.135153,0.300748,0.07466475,0.144186,0.21885075,2642.0749376666668
KAT6A,14.346559,0.057129,0.119324,0.830811,395.98997499999996,0.053137,0.248906,0.698238,59.288756,0.060689,0.163028,0.778189,2.732207666666667,0.078479,0.203283,0.720654,0.176453,0.302043,0.223717,0.28176199999999996,0.0623585,0.18363525,0.24599374999999998,118.08937441666666
BPTF,286.786787,0.126432,0.215928,0.663838,1504.3062203333332,0.059311,0.194461,0.74835,100.64544366666667,0.078466,0.188808,0.736318,15.563651,0.068848,0.226081,0.708603,0.34236,0.253772,0.267274,0.294929,0.08326425,0.2063195,0.28958375000000003,476.8255254999999
STXBP3,122.222222,0.112571,0.005682,0.881747,2364.000000333334,0.050933,0.123753,0.826516,133.96968933333335,0.069888,0.066765,0.864565,10.890070333333334,0.072975,0.216204,0.714491,0.11825300000000001,0.174686,0.13665300000000002,0.289179,0.07659175,0.103101,0.17969275,657.7704955000002
ARPC1A,17.412935,0.041853,0.089844,0.868304,1123.123123,0.083187,0.184447,0.738058,34.740940333333334,0.05169,0.093817,0.859409,7.468522666666666,0.09945,0.191604,0.71194,0.131697,0.267634,0.145507,0.291054,0.069045,0.139928,0.20897299999999996,295.68638025
PICALM,180.91168100000002,0.058302,0.106668,0.838752,6283.600712666666,0.065931,0.207131,0.728386,66.22961866666667,0.080643,0.16666,0.755443,10.040216,0.057277,0.215501,0.727651,0.16497,0.273062,0.247303,0.272778,0.06553825,0.17398999999999998,0.23952825,1635.1955570833331
ERLEC1,20.306154,0.073377,0.219772,0.706851,1697.9849476666668,0.057025,0.118838,0.825695,189.66805433333334,0.057532,0.076975,0.866642,9.329800666666666,0.062966,0.214096,0.725803,0.293149,0.175863,0.134507,0.27706200000000003,0.062725,0.15742024999999998,0.22014525,479.32223916666675
GBF1,239.47591266666663,0.049973,0.242485,0.711173,0.0,0.0,0.0,0.0,96.32368066666668,0.076811,0.116802,0.808104,1.207576,0.059369,0.201521,0.743783,0.292458,0.0,0.193613,0.26089,0.04653825,0.140202,0.18674025,112.33572311111111
OGT,2.4741916666666666,0.060951,0.188443,0.751482,5242.188465,0.05722,0.225246,0.721177,173.66302466666664,0.076518,0.080614,0.843971,14.846518333333334,0.109605,0.222453,0.671925,0.249394,0.282466,0.157132,0.332058,0.0760735,0.179189,0.2552625,1358.2930499166666
AEBP2,281.316348,0.113311,0.2037,0.687559,1312.489862,0.051699,0.221488,0.729477,194.602572,0.091744,0.205444,0.704289,16.980102666666664,0.070514,0.216376,0.716595,0.317011,0.273187,0.297188,0.28689,0.081817,0.211752,0.29356899999999997,451.34722116666666
SETD2,43.03863100000001,0.086659,0.203596,0.715612,299.03475633333335,0.056169,0.166179,0.778865,45.050898666666676,0.066605,0.194862,0.742405,3.639030333333333,0.07388,0.231142,0.697386,0.290255,0.222348,0.261467,0.305022,0.07082825000000001,0.19894474999999998,0.269773,97.69082908333334
ZNF91,0.0,0.0,0.0,0.0,77.16338633333334,0.049259,0.153214,0.799465,33.184191000000006,0.080813,0.199142,0.723161,3.2534880000000004,0.065818,0.231458,0.70333,0.0,0.202473,0.279955,0.297276,0.0489725,0.1459535,0.194926,37.86702177777778
DNMT1,0.0,0.0,0.0,0.0,6609.553478666668,0.079374,0.168133,0.755229,116.81608233333334,0.111448,0.101992,0.791209,2.5108409999999997,0.078088,0.216011,0.71011,0.0,0.247507,0.21344000000000002,0.294099,0.0672275,0.121534,0.1887615,2242.9601340000004
ADGRG3,4.794663333333333,0.074558,0.303668,0.628736,2664.828853666667,0.081881,0.262801,0.660344,115.825994,0.099315,0.146811,0.756351,17.623967333333333,0.077017,0.221438,0.705437,0.378226,0.344682,0.246126,0.298455,0.08319275,0.2336795,0.31687224999999997,700.7683695833333
USO1,72.706935,0.211599,0.138762,0.656791,5612.340711333333,0.056963,0.13644,0.808432,224.50376466666663,0.075821,0.061077,0.86403,5.565486666666666,0.125126,0.233413,0.648823,0.35036100000000003,0.193403,0.136898,0.358539,0.11737724999999999,0.142423,0.25980025,1478.7792244166667
RTF1,0.0,0.0,0.0,0.0,1865.3222070000002,0.054576,0.244674,0.704619,60.165651000000004,0.055337,0.081646,0.863413,3.390897333333333,0.091256,0.213869,0.701944,0.0,0.29925,0.136983,0.305125,0.05029225,0.13504725,0.1853395,642.9595851111112
SNF8,35.145524333333334,0.149109,0.079163,0.787903,1471.1610486666668,0.092775,0.233872,0.678105,229.90952633333336,0.083327,0.133738,0.786335,24.61713233333333,0.090903,0.267065,0.646266,0.22827199999999997,0.326647,0.217065,0.357968,0.1040285,0.1784595,0.282488,440.2083079166667
CCRL2,98.29059833333334,0.061906,0.173276,0.764818,296.3235293333333,0.052213,0.253683,0.700653,729.5362586666666,0.062497,0.242526,0.701658,12.368893,0.061227,0.212428,0.728442,0.235182,0.305896,0.305023,0.273655,0.05946075,0.22047825,0.279939,284.12981983333333
KDM4C,256.23228666666665,0.077812,0.202137,0.72334,36.11362966666667,0.043034,0.147408,0.809803,86.54595033333334,0.073256,0.097384,0.830159,4.202674333333333,0.077578,0.227633,0.699028,0.279949,0.190442,0.17064000000000001,0.305211,0.06792,0.1686405,0.2365605,95.77363525
TNPO1,22.063208,0.037796,0.195735,0.76647,474.1743053333334,0.060348,0.230372,0.712937,3.3100405,0.113932,0.032118,0.85395,265.0611833333333,0.04321,0.10932,0.848262,0.233531,0.29072,0.14605,0.15253,0.0638215,0.14188625,0.20570775000000002,191.15218429166669
FBXO11,54.395682666666666,0.095545,0.189519,0.718638,2725.271811,0.064807,0.175274,0.762384,996.8448133333333,0.061092,0.174062,0.768018,12.661537000000001,0.082742,0.198635,0.721055,0.285064,0.24008100000000002,0.235154,0.281377,0.0760465,0.18437250000000002,0.26041899999999996,947.293461
NPEPPS,12.145749,0.0,0.05599,0.94401,4966.322517333334,0.056564,0.208491,0.738155,148.51368800000003,0.068152,0.084859,0.848586,5.693829333333333,0.084045,0.175434,0.747004,0.05599,0.26505500000000004,0.153011,0.259479,0.05219025,0.13119350000000002,0.18338375,1283.1689459166669
SLFN12L,0.0,0.0,0.0,0.0,0.0,0.0,0.0,0.0,22.127052000000003,0.034684,0.282762,0.686303,0.09965800000000001,0.06033,0.07921,0.86046,0.0,0.0,0.317446,0.13954,0.0237535,0.090493,0.1142465,11.113355000000002
PBRM1,201.05062066666667,0.051064,0.073026,0.877974,2074.691358,0.055651,0.222607,0.722413,860.8625666666667,0.069022,0.125969,0.807357,9.943234666666665,0.088515,0.214514,0.701887,0.12408999999999999,0.278258,0.194991,0.303029,0.066063,0.159029,0.225092,786.6369450000001
KDM4A,422.34030766666666,0.085359,0.227377,0.69074,324.6229533333333,0.075937,0.238955,0.689209,41.30724466666666,0.118534,0.096343,0.788552,4.345358999999999,0.085797,0.221216,0.696769,0.312736,0.314892,0.21487699999999998,0.307013,0.09140675000000001,0.19597274999999997,0.2873795,198.15396616666666
OSBP,54.545455,0.070312,0.070312,0.859375,1906.0887513333334,0.060802,0.24584,0.694324,73.569857,0.055221,0.218633,0.728651,3.5093460000000003,0.02958,0.251397,0.719023,0.140624,0.306642,0.273854,0.280977,0.05397875,0.19654549999999998,0.25052425,509.42835233333335
ARID2,150.12722633333334,0.066605,0.147709,0.799258,1666.542102666667,0.069737,0.258247,0.672905,37.131108,0.042644,0.175851,0.784075,2.1347126666666667,0.055859,0.149383,0.797881,0.214314,0.327984,0.218495,0.20524199999999998,0.05871124999999999,0.1827975,0.24150875,463.98378741666676
PUM1,0.0,0.0,0.0,0.0,2903.715064666667,0.049474,0.228054,0.723219,17.475002333333332,0.055544,0.242626,0.704713,13.987099666666667,0.084043,0.251977,0.666414,0.0,0.277528,0.29817,0.33602,0.04726525,0.18066425,0.2279295,978.392388888889
COPE,597.7218223333333,0.084475,0.208609,0.71112,1230.3587646666667,0.091249,0.077779,0.83447,983.9244523333333,0.100222,0.108659,0.794336,9.496712666666667,0.102685,0.185903,0.715808,0.293084,0.169028,0.208881,0.288588,0.09465775000000001,0.1452375,0.23989525,705.3754379999999
RAB1A,791.4751586666667,0.080526,0.239706,0.685344,1280.2936736666666,0.056731,0.197015,0.74759,440.295067,0.058662,0.234279,0.710506,15.181438666666667,0.079461,0.216726,0.706412,0.320232,0.25374599999999997,0.292941,0.296187,0.06884499999999999,0.2219315,0.2907765,631.8113344999999
CD6,2494.775005666667,0.093521,0.247445,0.663399,0.0,0.0,0.0,0.0,85.53396433333334,0.115352,0.086688,0.799917,2.3304933333333335,0.070374,0.186792,0.742834,0.340966,0.0,0.20204,0.257166,0.06981175,0.13023125000000002,0.200043,860.8798211111111
TRMT61B,56.022409,0.051465,0.152344,0.796191,688.6354033333333,0.049195,0.145185,0.806552,472.36251433333337,0.048625,0.117512,0.834889,8.456983,0.054973,0.236551,0.709539,0.20380900000000002,0.19438,0.166137,0.291524,0.0510645,0.16289800000000002,0.2139625,306.3693274166667
MYB,4267.782426666667,0.05544,0.186225,0.760936,0.0,0.0,0.0,0.0,1057.742782,0.075449,0.085239,0.842101,363.5297236666667,0.074244,0.210403,0.720334,0.24166500000000002,0.0,0.160688,0.284647,0.05128325,0.12046675,0.17175,1896.3516441111112
BORCS8,157.04153999999997,0.124815,0.102655,0.775202,1052.6918673333332,0.079318,0.165377,0.757699,748.994253,0.103175,0.148601,0.750362,23.644028333333335,0.091098,0.186576,0.727553,0.22747,0.244695,0.251776,0.277674,0.09960150000000001,0.15080225,0.25040375,495.5929221666666
PPP1R12A,60.441549,0.119632,0.200037,0.682038,2725.274725333333,0.059056,0.226898,0.714435,17.997629,0.066897,0.219265,0.717978,16.649007666666666,0.098707,0.262955,0.640762,0.319669,0.285954,0.28616199999999997,0.361662,0.086073,0.22728874999999998,0.31336175,705.09072775
RAB6B,64.93682,0.056582,0.126297,0.818487,540.6180313333333,0.059877,0.229738,0.714513,467.20940733333333,0.068433,0.093124,0.839825,0.169402,0.020616,0.19184,0.787543,0.18287899999999999,0.289615,0.161557,0.212456,0.051377,0.16024975,0.21162674999999997,268.23341516666665
ARPC3,255.52050466666665,0.064847,0.085745,0.849537,3104.166666333333,0.059078,0.144617,0.798975,420.919975,0.070223,0.128661,0.805216,230.77537700000002,0.073861,0.262698,0.669414,0.150592,0.203695,0.198884,0.336559,0.06700225,0.15543025,0.22243250000000003,1002.8456307499998
SEC31A,11.128776,0.053106,0.215495,0.731399,2354.6568626666667,0.060964,0.158372,0.782666,280.530103,0.060697,0.170335,0.770898,19.318758,0.05474,0.208923,0.739396,0.268601,0.219336,0.231032,0.263663,0.057376750000000004,0.18828124999999998,0.245658,666.4086249166667
ZNF891,86.41975333333333,0.070787,0.315458,0.616574,390.0355873333333,0.049429,0.246676,0.706538,240.889683,0.056505,0.199671,0.749263,15.106481,0.101882,0.243706,0.657948,0.386245,0.296105,0.25617599999999996,0.345588,0.06965075000000001,0.25137775,0.3210285,183.11287616666667
ACTR10,57.9710145,0.010742,0.20166,0.787598,2678.3517836666665,0.053713,0.128719,0.819164,1040.6698566666666,0.059564,0.07794,0.863816,18.349456,0.08192,0.205032,0.719979,0.212402,0.18243199999999998,0.137504,0.286952,0.051484749999999996,0.15333775,0.2048225,948.8355277083333
CAPZA2,0.0,0.0,0.0,0.0,2336.6810136666663,0.054329,0.166543,0.781693,1190.863337,0.065256,0.056585,0.878513,2.432821666666667,0.102054,0.139188,0.763952,0.0,0.220872,0.121841,0.241242,0.05540975,0.09057899999999999,0.14598875,1176.6590574444442
DIABLO,11.498733000000001,0.067841,0.240863,0.695886,1581.6764133333336,0.071064,0.191958,0.738888,125.621459,0.075218,0.197806,0.730366,3.9227413333333327,0.089489,0.213049,0.69986,0.308704,0.263022,0.273024,0.302538,0.075903,0.21091900000000002,0.28682199999999997,430.6798366666667
EP300,67.80870800000001,0.321012,0.148766,0.536554,3110.020815,0.06408,0.250178,0.688658,133.65539466666667,0.086392,0.256704,0.659593,4.294387666666666,0.052213,0.219558,0.728833,0.46977800000000003,0.31425800000000004,0.34309599999999996,0.271771,0.13092425,0.2188015,0.34972575,828.9448263333334
UBE2D2,597.1113646666668,0.059705,0.090341,0.851838,4316.789216,0.070706,0.180241,0.752533,2123.873873666667,0.077958,0.067424,0.855166,2.9272370000000003,0.099172,0.267471,0.644125,0.150046,0.25094700000000003,0.145382,0.366643,0.07688525,0.15136925,0.22825450000000003,1760.1754228333334
SIN3A,56.59309566666666,0.102461,0.276992,0.622188,1990.4200443333336,0.066297,0.238691,0.696369,323.66113966666666,0.095999,0.21285,0.693754,26.099135999999998,0.086539,0.240588,0.674506,0.37945300000000004,0.304988,0.30884900000000004,0.327127,0.08782400000000001,0.24228025,0.33010425000000004,599.1933539166666
ATG13,711.9021640000001,0.078764,0.227959,0.697574,913.2203033333335,0.08796,0.274642,0.638887,116.745381,0.073731,0.14271,0.785109,9.000816333333333,0.083853,0.223641,0.696217,0.30672299999999997,0.362602,0.216441,0.307494,0.081077,0.217238,0.298315,437.71716616666674
BLCAP,20.554984666666666,0.169401,0.291406,0.544987,2272.9398816666667,0.073972,0.268574,0.65797,78.31014933333333,0.063811,0.170179,0.76601,9.239516666666667,0.073985,0.229951,0.699286,0.46080699999999997,0.34254599999999996,0.23399,0.303936,0.09529225,0.24002749999999998,0.33531974999999997,595.2611330833333
ALG9,20.56432333333333,0.064362,0.232286,0.703352,82.30275666666667,0.059057,0.187461,0.753571,183.135372,0.068823,0.189843,0.742901,5.680940333333333,0.066786,0.245178,0.692952,0.296648,0.246518,0.258666,0.311964,0.064757,0.213692,0.27844900000000006,72.92084808333334
VPS41,0.0,0.0,0.0,0.0,648.9405053333334,0.063884,0.184518,0.752436,28.20013,0.08826,0.151606,0.763789,1.2876003333333335,0.060225,0.246581,0.693536,0.0,0.24840199999999998,0.239866,0.306806,0.05309225,0.14567625,0.19876850000000001,226.14274522222226
RAB6A,7.7821015,0.006836,0.260254,0.73291,5248.525073666667,0.048986,0.2219,0.730247,81.40063666666667,0.05903,0.232345,0.710414,1.3709766666666665,0.074415,0.213818,0.711767,0.26709,0.27088599999999996,0.291375,0.288233,0.047316750000000005,0.23207925000000001,0.279396,1334.769697125
CHD4,43.38624333333333,0.063072,0.175972,0.760957,6925.632563333334,0.071453,0.154069,0.776457,470.5415276666666,0.072719,0.133874,0.795991,12.248844333333333,0.089396,0.233099,0.679744,0.23904399999999998,0.225522,0.206593,0.322495,0.07416,0.1742535,0.24841349999999998,1862.9522946666666
PNISR,95.389507,0.153505,0.253234,0.597938,1214.5430846666666,0.062303,0.17795,0.761382,1316.736208,0.068521,0.148465,0.785534,18.502617333333333,0.055598,0.217817,0.728648,0.406739,0.240253,0.216986,0.273415,0.08498175,0.19936650000000003,0.28434825,661.2928542500001
ZNF266,26.294498666666666,0.052314,0.288462,0.659255,1367.491166,0.062112,0.130689,0.809486,784.6209256666667,0.059502,0.217879,0.725451,4.193187,0.098699,0.210066,0.692963,0.34077599999999997,0.192801,0.277381,0.308765,0.06815675,0.211774,0.27993075,545.6499443333333
KIF3B,0.0,0.0,0.0,0.0,244.058914,0.055986,0.255173,0.692702,0.0,0.0,0.0,0.0,0.0,0.0,0.0,0.0,0.0,0.31115899999999996,0.0,0.0,0.0139965,0.06379325,0.07778974999999999,244.058914
KDM3A,164.141414,0.132272,0.158534,0.714543,4385.259631666667,0.062873,0.122959,0.815775,121.78517399999998,0.064158,0.089132,0.847527,7.940758666666665,0.082484,0.179772,0.741246,0.290806,0.185832,0.15329,0.262256,0.08544675,0.13759925,0.22304600000000002,1169.7817445833332
KDM2A,720.51462,0.067183,0.2477,0.68926,3.997335,0.044198,0.172526,0.783275,15.246964333333331,0.063903,0.164834,0.774443,3.988841666666667,0.059661,0.183974,0.758757,0.314883,0.21672400000000003,0.22873700000000002,0.243635,0.05873625,0.1922585,0.25099475000000004,185.93694025000002
TGIF2,198.50187266666663,0.092534,0.154407,0.755178,3356.3218393333336,0.070252,0.144708,0.78732,989.225589,0.06764,0.069515,0.864122,33.036435,0.080046,0.216605,0.707626,0.246941,0.21495999999999998,0.137155,0.296651,0.07761799999999999,0.14630875,0.22392675,1144.271434
PAN3,289.0855456666667,0.07378,0.145607,0.783363,1973.549204,0.05681,0.233856,0.712314,68.81881866666667,0.111562,0.193764,0.702685,10.501601333333333,0.061288,0.210494,0.731759,0.219387,0.290666,0.305326,0.27178199999999997,0.07586,0.19593024999999997,0.27179025,585.4887924166667
SNU13,57.46694233333333,0.055228,0.177643,0.768726,15906.0,0.06459,0.239865,0.695935,12029.91453,0.060351,0.251488,0.691651,102.01385366666666,0.059348,0.158055,0.784879,0.232871,0.304455,0.311839,0.217403,0.059879249999999995,0.20676275,0.266642,7023.8488315
WDR20,197.49074833333336,0.042829,0.246981,0.713319,5588.072021,0.062166,0.162451,0.777118,6641.140500333334,0.055901,0.218006,0.729122,10.158847666666666,0.068034,0.226529,0.71004,0.28981,0.224617,0.273907,0.294563,0.057232500000000006,0.21349175,0.27072425,3109.215529333334
CSNK1A1,102.94728100000002,0.072533,0.220687,0.710811,5811.332127666666,0.052948,0.244414,0.703494,80.44930133333334,0.057621,0.214976,0.72783,44.07096533333333,0.071911,0.214439,0.716718,0.29322,0.297362,0.272597,0.28635,0.06375325000000001,0.22362900000000002,0.28738224999999995,1509.699918833333
CHD1,385.3681823333333,0.089374,0.232139,0.682567,438.0556236666667,0.04901,0.210047,0.741655,82.32968933333333,0.041334,0.196101,0.763767,9.268372999999999,0.068933,0.219338,0.713989,0.321513,0.259057,0.237435,0.288271,0.06216275,0.21440625000000002,0.276569,228.75546708333334
DCTN6,600.0,0.036241,0.224826,0.741102,1188.1258943333335,0.054568,0.192338,0.754788,225.7126233333333,0.080008,0.128997,0.793623,24.322640333333336,0.067472,0.205692,0.729717,0.261067,0.24690600000000001,0.209005,0.273164,0.05957225,0.18796325,0.24753550000000002,509.54028950000003
KDELR2,68.4210525,0.082332,0.054087,0.863582,1924.9512669999997,0.05693,0.222811,0.720567,726.8632269999999,0.044069,0.133691,0.823653,5.796113333333334,0.04507,0.21259,0.742866,0.136419,0.279741,0.17776,0.25766,0.05710025,0.15579475,0.212895,681.5079149583332
RBBP4,31.731361666666672,0.059694,0.206007,0.737181,2104.039029,0.064949,0.231871,0.706317,157.35892966666668,0.096773,0.107868,0.79811,5.525423666666666,0.062866,0.222,0.717972,0.26570099999999996,0.29682,0.20464100000000002,0.284866,0.07107050000000001,0.19193649999999998,0.263007,574.663686
RAB7A,27.027027,0.049219,0.019531,0.93125,15186.288759666664,0.055404,0.20278,0.744249,1652.777777666667,0.091625,0.06813,0.842078,4.608686,0.119675,0.192936,0.691475,0.06875,0.25818399999999997,0.15975499999999998,0.31261099999999997,0.07898074999999999,0.12084424999999999,0.19982499999999997,4217.675562583333
POMP,127.272727,0.011719,0.115513,0.872768,6415.791520666667,0.047644,0.093265,0.860003,5543.818466333333,0.080555,0.037831,0.882099,21.216382,0.073399,0.279737,0.65555,0.127232,0.140909,0.11838599999999999,0.353136,0.053329249999999995,0.1315865,0.18491575,3027.024774
HSPA1L,113.51784966666668,0.11012,0.188452,0.71051,9189.068954666667,0.055531,0.174922,0.771986,1419.0016103333335,0.081906,0.250666,0.673308,20.517677,0.077005,0.207687,0.71657,0.298572,0.230453,0.332572,0.284692,0.0811405,0.20543174999999997,0.28657225,2685.5265229166666
SAFB,7.832898,0.0,0.003906,0.996094,6912.606341999999,0.112932,0.177766,0.714549,265.84757833333333,0.115715,0.144716,0.743818,10.852032999999999,0.130292,0.22585,0.650969,0.003906,0.290698,0.260431,0.35614199999999996,0.08973475,0.1380595,0.22779425,1799.284712833333
KDM2B,138.94455566666667,0.08143,0.21967,0.702411,3400.227864666667,0.066473,0.229089,0.706101,145.27458533333333,0.081664,0.179852,0.740565,8.849557333333333,0.070841,0.225751,0.707394,0.30110000000000003,0.295562,0.261516,0.296592,0.075102,0.21359050000000002,0.2886925,923.3241407500001
NUCKS1,79.74481666666667,0.071094,0.265469,0.663438,3188.469525,0.075048,0.236054,0.689729,475.40983600000004,0.079349,0.198096,0.725388,27.442241,0.063511,0.254138,0.683627,0.336563,0.311102,0.277445,0.31764899999999996,0.0722505,0.23843925,0.31068975,942.7666046666667
ZNF329,0.0,0.0,0.0,0.0,539.5167896666666,0.076634,0.244026,0.688249,21.730217333333332,0.029813,0.244767,0.726968,0.0,0.0,0.0,0.0,0.0,0.32066,0.27458,0.0,0.026611749999999997,0.12219825000000001,0.14881,280.62350349999997
USP3,618.8287366666667,0.054066,0.195093,0.754038,35.962877,0.073016,0.221744,0.709433,185.00619566666668,0.068316,0.130042,0.804905,3.3648813333333334,0.130012,0.250154,0.622305,0.249159,0.29476,0.19835799999999998,0.380166,0.0813525,0.19925825,0.28061075,210.7906726666667
GTF2B,49.019607666666666,0.1,0.279297,0.620703,3379.310345,0.059129,0.096989,0.844978,749.0361026666666,0.05577,0.094318,0.850974,23.578673,0.057652,0.230697,0.712625,0.379297,0.156118,0.150088,0.288349,0.06813775,0.17532525000000002,0.24346299999999998,1050.2361820833332
CCT4,450.9803923333334,0.067079,0.214772,0.719266,423.5743176666667,0.066132,0.138884,0.796898,4932.163742666667,0.055532,0.067592,0.87784,5.392397333333334,0.057942,0.23989,0.702653,0.28185099999999996,0.205016,0.123124,0.297832,0.06167125,0.1652845,0.22695574999999998,1453.0277125
DCTN4,83.48680166666666,0.057933,0.22662,0.715447,1120.585702,0.050286,0.235969,0.714106,20.655270666666667,0.128727,0.224632,0.650682,4.8426670000000005,0.06305,0.214294,0.724317,0.284553,0.28625500000000004,0.353359,0.27734400000000003,0.074999,0.22537875000000002,0.30037775,307.3926103333333
ACYP2,241.424802,0.045438,0.202086,0.756688,585.7178716666667,0.058256,0.165974,0.777501,45.39103,0.076527,0.127234,0.798679,5.206142666666667,0.091622,0.233895,0.678306,0.247524,0.22423,0.20376100000000003,0.325517,0.06796075,0.18229725,0.25025800000000004,219.43496158333335
ZNF506,59.44254833333333,0.060463,0.06878,0.870757,82.435437,0.062257,0.177159,0.761192,27.44904666666667,0.048583,0.250421,0.701605,23.392521666666667,0.060145,0.208368,0.733501,0.129243,0.23941600000000002,0.299004,0.268513,0.057862,0.176182,0.234044,48.17988841666667
SUZ12,68.75,0.162879,0.067945,0.776515,4737.919738,0.050156,0.228528,0.724142,246.99699733333333,0.073768,0.148212,0.782064,3.070161,0.060814,0.17835,0.762423,0.230824,0.278684,0.22198,0.23916400000000002,0.08690425,0.15575875,0.242663,1264.1842240833332
PI4K2A,0.0,0.0,0.0,0.0,414.56671966666676,0.073058,0.263515,0.668274,10.3503185,0.030248,0.139022,0.833534,2.8997826666666664,0.042935,0.2489,0.708165,0.0,0.336573,0.16927,0.291835,0.03656025,0.16285925,0.19941950000000003,142.60560694444447
PRKCI,18.292682999999997,0.001736,0.467014,0.53125,1122.4561406666667,0.053499,0.214021,0.735072,12.841988,0.070737,0.054178,0.876359,0.9660976666666666,0.228858,0.252416,0.53824,0.46875,0.26752,0.124915,0.481274,0.0887075,0.24690724999999997,0.33561474999999996,288.6392273333333
ATXN2L,51.88679233333334,0.095407,0.196851,0.710346,7816.5294926666675,0.07483,0.243305,0.686135,1209.9405103333333,0.094968,0.159671,0.748207,21.590108,0.092956,0.175254,0.736253,0.292258,0.318135,0.254639,0.26821,0.08954025,0.19377025,0.2833105,2274.986725833334
GNB1,28.939585999999995,0.136548,0.203182,0.666857,20918.63517033333,0.068162,0.230317,0.702887,103.29097433333334,0.087034,0.151481,0.765477,8.819910000000002,0.108067,0.242617,0.652625,0.33973,0.298479,0.238515,0.350684,0.09995275,0.20689924999999998,0.306852,5264.921410166666
UBE2E1,47.91408533333334,0.085264,0.20688,0.717841,2361.0709116666667,0.087333,0.194204,0.72133,1139.7583746666667,0.100561,0.101093,0.80001,902.0725453333333,0.061246,0.226497,0.715853,0.292144,0.281537,0.201654,0.287743,0.08360100000000001,0.1821685,0.2657695,1112.70397925
NAA15,136.25866066666666,0.065847,0.128855,0.806078,1697.0823799999998,0.057707,0.165239,0.77936,63.67702466666666,0.077995,0.095663,0.828074,6.3169043333333335,0.064279,0.211252,0.728664,0.194702,0.222946,0.17365799999999998,0.27553099999999997,0.06645699999999999,0.15025224999999998,0.21670925,475.8337424166666
BAZ2A,78.37956866666667,0.043078,0.235099,0.722942,943.7638426666667,0.075354,0.20493,0.721763,2673.738084,0.071053,0.079076,0.851666,36.57851733333333,0.080449,0.204245,0.718311,0.278177,0.280284,0.150129,0.284694,0.0674835,0.1808375,0.24832100000000001,933.1150031666667
ZNF669,4.147813,0.055753,0.074574,0.869673,48.5436895,0.038672,0.074121,0.887207,37.03703733333334,0.02369,0.159829,0.817087,1.774060666666667,0.112584,0.186942,0.702148,0.130327,0.112793,0.183519,0.299526,0.05767475,0.1238665,0.18154125,22.875650125000003
ANAPC7,11.214630666666665,0.065024,0.296514,0.638462,2259.3800979999996,0.061673,0.160887,0.778644,274.6105116666667,0.058311,0.163332,0.780434,5.001837,0.064324,0.25287,0.683575,0.361538,0.22256,0.221643,0.317194,0.062333,0.21840074999999998,0.28073375,637.5517693333333
TOP1,4.457865666666667,0.10068,0.188004,0.738659,2033.523298666667,0.07559,0.211357,0.716592,75.42790833333333,0.077982,0.067383,0.855784,5.149078666666667,0.072594,0.204085,0.725815,0.288684,0.286947,0.145365,0.276679,0.0817115,0.16770724999999997,0.24941875,529.6395378333335
PGLS,58.6419755,0.093339,0.024054,0.882607,2784.752285,0.066285,0.133869,0.802697,1055.2949063333333,0.065725,0.083524,0.852452,49.63598033333334,0.121265,0.205139,0.678953,0.117393,0.200154,0.14924900000000002,0.32640399999999997,0.0866535,0.11164649999999998,0.1983,987.0812867916668
SNX3,84.0336135,0.039062,0.141602,0.819336,18554.411259999997,0.059945,0.191681,0.7501,3456.7143830000005,0.04507,0.22725,0.729692,1.0980486666666667,0.065796,0.22063,0.713574,0.180664,0.251626,0.27232,0.28642599999999996,0.05246825,0.19529074999999999,0.24775899999999998,5524.064326291666
USF2,22.116903333333337,0.115792,0.117188,0.79269,14467.099566999997,0.092232,0.233521,0.678169,1312.5940253333333,0.118633,0.124687,0.759466,13.138435333333334,0.108584,0.181542,0.71544,0.23298000000000002,0.325753,0.24332,0.290126,0.10881025,0.1642345,0.27304475,3953.7372327499997
AGO2,2330.553449666667,0.04768,0.243079,0.711789,79.56989233333333,0.065422,0.204913,0.730031,211.02150566666668,0.073941,0.107219,0.819871,5.210726666666667,0.078558,0.203001,0.720659,0.290759,0.270335,0.18116,0.281559,0.06640025000000001,0.189553,0.25595325,656.5888935833334
TXNDC11,8.868699999999999,0.054688,0.146818,0.798495,366.2794513333334,0.082024,0.19004,0.731714,501.29198966666667,0.058203,0.102744,0.840626,8.486549,0.083982,0.238987,0.681643,0.20150600000000002,0.272064,0.160947,0.322969,0.06972425,0.16964725,0.23937150000000001,221.2316725
SNX2,7.260726000000001,0.070668,0.397727,0.531605,547.6531100000001,0.053971,0.109922,0.837225,350.64102566666674,0.059882,0.045609,0.894815,4.812682666666666,0.075071,0.218658,0.709753,0.468395,0.163893,0.105491,0.293729,0.064898,0.192979,0.257877,227.59188608333335
ARL1,28.5714285,0.057422,0.207031,0.735547,1718.832541,0.056145,0.20444,0.740843,99.51159966666667,0.067652,0.147287,0.788056,3.3051676666666663,0.039062,0.222011,0.738927,0.264453,0.260585,0.214939,0.261073,0.05507025,0.19519225,0.2502625,462.5551842083333
RNF11,124.65564733333332,0.078125,0.176234,0.750108,1791.9542790000003,0.067587,0.235606,0.699781,463.79928333333334,0.137969,0.131508,0.731719,3.182922666666667,0.056478,0.207299,0.738726,0.254359,0.303193,0.269477,0.26377700000000004,0.08503975,0.18766175,0.27270150000000004,595.8980330833334
STAM2,20.661157,0.001563,0.203125,0.795312,558.4415583333333,0.057171,0.232989,0.71019,25.34854233333333,0.050618,0.10651,0.842871,6.804883,0.050484,0.174039,0.776228,0.204688,0.29016,0.157128,0.224523,0.039959,0.17916575,0.21912474999999998,152.81403516666666
TCEA1,29.927760333333335,0.110318,0.289736,0.599946,2505.8674276666666,0.054149,0.230951,0.714899,4.9668874999999995,0.043837,0.229167,0.726997,26.533410333333336,0.062216,0.218649,0.723526,0.400054,0.2851,0.273004,0.28086500000000003,0.06763,0.24212575,0.30975575,641.8238714583334
RUNX1,842.9561203333334,0.060267,0.272448,0.669518,2141.609047666667,0.065557,0.237182,0.697739,344.98207900000006,0.065869,0.254568,0.684033,28.482331,0.062878,0.226597,0.713542,0.33271500000000004,0.302739,0.320437,0.289475,0.06364275,0.24769875000000002,0.3113415,839.5073945
ZNF654,54.088050333333335,0.073719,0.233875,0.695267,3410.503751333333,0.047866,0.239787,0.712613,201.06228066666668,0.05992,0.184512,0.758051,7.917054666666666,0.055094,0.195115,0.751681,0.30759400000000003,0.287653,0.244432,0.250209,0.05914975,0.21332225000000002,0.27247200000000005,918.3927842499999
BAZ1A,495.0872563333333,0.09509,0.263692,0.643658,4786.357786333333,0.057272,0.17804,0.765993,126.59673166666666,0.05258,0.163327,0.785751,4.544276,0.069088,0.20411,0.729112,0.358782,0.23531200000000002,0.21590700000000002,0.273198,0.0685075,0.20229225,0.27079975,1353.146512583333
KMT2C,83.955224,0.108927,0.220284,0.678704,1028.8411116666666,0.062383,0.247343,0.690524,9.138617333333332,0.045647,0.153871,0.801932,23.006373333333332,0.069782,0.163543,0.769561,0.32921100000000003,0.309726,0.199518,0.233325,0.07168474999999999,0.19626025,0.267945,286.23533158333333
AP2A2,436.478264,0.081166,0.198971,0.724629,0.0,0.0,0.0,0.0,78.21486066666667,0.069697,0.071982,0.859501,2.3680293333333333,0.093643,0.175551,0.735336,0.280137,0.0,0.141679,0.26919400000000004,0.0611265,0.111626,0.17275250000000003,172.353718
USP33,19.230769,0.043692,0.203993,0.752315,1693.0483343333335,0.052792,0.225495,0.7224,70.284595,0.061904,0.158331,0.781961,2.835081333333333,0.083065,0.254634,0.662669,0.24768500000000002,0.278287,0.22023500000000001,0.337699,0.06036325,0.21061325,0.2709765,446.34969491666675
SLC44A2,19.10828,0.113281,0.002604,0.884115,4515.860634333333,0.080249,0.249151,0.675353,201.11404266666668,0.11093,0.125487,0.768244,25.64963,0.107723,0.233323,0.664019,0.115885,0.3294,0.236417,0.341046,0.10304575,0.15264125,0.255687,1190.43314675
PNP,42.016807,0.041406,0.064062,0.894531,6720.628414999999,0.065608,0.16679,0.770957,1718.0076626666666,0.07599,0.08611,0.839419,14.714569666666668,0.055828,0.189924,0.758654,0.10546799999999999,0.232398,0.16210000000000002,0.24575200000000003,0.059708,0.12672150000000001,0.18642950000000003,2123.841863583333
AP1G1,11.013215666666667,0.102865,0.235937,0.661198,281.232009,0.057978,0.24615,0.696465,3.462532,0.061975,0.199102,0.739681,1.4628569999999999,0.059357,0.219051,0.724354,0.338802,0.304128,0.261077,0.278408,0.07054375,0.22506,0.29560375,74.29265341666667
CEP95,170.47619033333334,0.087794,0.161803,0.754523,9765.432098666666,0.06724,0.148283,0.786308,12125.214581333334,0.059308,0.197265,0.746445,152.22430899999998,0.062495,0.234372,0.70538,0.249597,0.215523,0.256573,0.296867,0.06920925,0.18543075,0.25464,5553.336794833333
XYLB,237.49731700000004,0.051865,0.25637,0.697715,78.90295366666666,0.078289,0.233319,0.693582,29.175784000000004,0.050537,0.186914,0.76958,20.925751,0.065021,0.22657,0.711898,0.308235,0.311608,0.237451,0.291591,0.061427999999999996,0.22579325,0.28722125,91.62545141666668
FAM107B,13.605441999999998,0.071243,0.278739,0.657738,1618.5593113333334,0.054673,0.23167,0.714977,24.439918666666667,0.051053,0.196723,0.752224,5.695174333333333,0.077557,0.247695,0.675889,0.349982,0.286343,0.247776,0.325252,0.0636315,0.23870675,0.30233825000000003,415.5749615833334
PRKCB,71.197411,0.12719,0.103634,0.782552,3725.9131433333337,0.060539,0.207806,0.734855,1020.689655,0.070898,0.167986,0.76424,3.375034666666666,0.05622,0.203347,0.742938,0.230824,0.268345,0.23888399999999999,0.259567,0.07871175,0.17069325000000002,0.249405,1205.293811
RCOR1,37.815126,0.061777,0.192853,0.74537,792.088165,0.060447,0.239191,0.70484,8.573388,0.016875,0.283906,0.699219,1.1349706666666666,0.0727,0.223464,0.708993,0.25463,0.29963799999999996,0.30078099999999997,0.296164,0.052949750000000004,0.2348535,0.28780324999999995,209.90291241666665
ABI1,30.165912666666667,0.067344,0.207344,0.735156,3211.632332333333,0.059533,0.204854,0.736693,423.91048266666667,0.051236,0.209556,0.742173,9.561063333333333,0.05566,0.216088,0.730067,0.274688,0.26438700000000004,0.26079199999999997,0.271748,0.05844325,0.2094605,0.26790375,918.81744775
CHD8,5.4421765,0.055664,0.299805,0.644531,2090.986575666667,0.079781,0.225872,0.695921,187.98533500000005,0.073136,0.186266,0.743859,6.329173333333333,0.057542,0.216047,0.727259,0.355469,0.305653,0.259402,0.27358899999999997,0.06653075,0.2319975,0.29852825,572.6858151250001
BRD1,23.039433,0.081631,0.249399,0.675305,725.4498010000001,0.086139,0.236333,0.679639,57.07395499999999,0.069805,0.238293,0.692965,9.296970666666668,0.065992,0.245168,0.690428,0.33103,0.322472,0.308098,0.31116,0.07589175,0.24229825,0.31819,203.71503991666668
MVB12A,503.3030553333333,0.103321,0.213271,0.691009,4771.787960333334,0.086271,0.14757,0.769027,463.980464,0.083744,0.142634,0.777496,14.845615333333335,0.126375,0.229405,0.649347,0.316592,0.23384100000000002,0.22637800000000002,0.35578,0.09992774999999998,0.18322,0.28314775,1438.4792737500002
SNX4,0.0,0.0,0.0,0.0,1989.260809,0.062556,0.163695,0.774737,220.74402533333333,0.054134,0.101018,0.845097,0.9649206666666666,0.05939,0.203372,0.738812,0.0,0.226251,0.155152,0.262762,0.044020000000000004,0.11702125,0.16104125000000002,736.9899183333333
CDK13,56.13126066666667,0.137139,0.09399,0.770072,389.39324000000005,0.050974,0.241972,0.711402,361.01931433333334,0.080601,0.161019,0.761968,5.8365480000000005,0.05956,0.210608,0.733602,0.23112900000000003,0.292946,0.24162,0.27016799999999996,0.0820685,0.17689725,0.25896575,203.09509075
ZNF652,30.165912333333335,0.114307,0.259058,0.641504,70.194035,0.054019,0.263826,0.682155,24.162548,0.059156,0.233221,0.712772,361.0035843333333,0.045079,0.207189,0.750678,0.373365,0.317845,0.292377,0.252268,0.06814025,0.24082350000000002,0.30896375,121.38151991666666
EZH2,88.05031466666667,0.059849,0.25415,0.686,3574.1444866666675,0.070908,0.094857,0.835036,80.08274233333333,0.078759,0.104626,0.818395,6.680976666666667,0.055506,0.195626,0.749278,0.313999,0.165765,0.183385,0.251132,0.0662555,0.16231474999999998,0.22857025,937.2396300833335
MIA2,187.59924933333335,0.053464,0.224074,0.725214,59.53259533333334,0.058744,0.231104,0.714209,54.936068999999996,0.047398,0.156155,0.798334,6.356363333333334,0.052894,0.226866,0.725051,0.277538,0.289848,0.20355299999999998,0.27976,0.053125,0.20954974999999998,0.26267474999999996,77.10606925
UBE2G1,51.210428,0.068963,0.150426,0.781108,3433.722905,0.066873,0.231301,0.702527,5.847953,0.22526,0.216146,0.631076,50.85254700000001,0.056195,0.227557,0.720362,0.219389,0.298174,0.44140599999999997,0.283752,0.10432274999999999,0.20635750000000003,0.31068025,885.40845825
CLINT1,0.0,0.0,0.0,0.0,4155.169387,0.056347,0.236603,0.707408,185.81780533333333,0.058452,0.240842,0.704173,1.8473203333333332,0.041427,0.226207,0.732934,0.0,0.29295,0.299294,0.267634,0.0390565,0.17591299999999999,0.21496949999999998,1447.611504222222
PRKCA,14.8809525,0.175,0.13125,0.69375,335.02852866666666,0.070133,0.235424,0.699462,29.4700345,0.03427,0.059119,0.906611,3.183303333333333,0.10512,0.202124,0.699272,0.30625,0.30555699999999997,0.093389,0.307244,0.09613075,0.15697925,0.25311,95.64070475
NCOR1,15.4777925,0.039912,0.257812,0.702276,1819.3433893333333,0.05433,0.206238,0.741251,129.87106266666666,0.062555,0.15254,0.787603,8.793408,0.08088,0.221308,0.701608,0.297724,0.260568,0.215095,0.302188,0.05941925000000001,0.2094745,0.26889375000000004,493.371413125
UBE3A,284.7533633333333,0.067076,0.107382,0.82764,781.108509,0.063448,0.228564,0.708722,30.943396333333336,0.079141,0.234708,0.687945,552.6578583333334,0.063853,0.170055,0.769336,0.174458,0.292012,0.313849,0.233908,0.0683795,0.18517725000000002,0.25355675,412.36578175
RAP1B,283.33333366666665,0.09301,0.14665,0.762663,2057.747481,0.057381,0.198411,0.746925,27.627627666666665,0.090268,0.114046,0.798913,239.89520133333335,0.068782,0.172462,0.761807,0.23965999999999998,0.255792,0.204314,0.24124400000000001,0.07736025,0.15789225,0.2352525,652.1509109166666
NEIL1,472.328119,0.069691,0.128916,0.803134,1.253656,0.178385,0.092448,0.729167,464.41713566666675,0.101414,0.211071,0.690225,87.439684,0.070656,0.184577,0.748071,0.198607,0.270833,0.312485,0.255233,0.10503649999999999,0.154253,0.2592895,256.35964866666666
ANKRD12,163.85135133333333,0.148115,0.224039,0.633913,176.87192833333333,0.073031,0.222965,0.710018,52.601239,0.054213,0.161894,0.785449,7.388165666666666,0.057668,0.219354,0.726212,0.372154,0.295996,0.216107,0.277022,0.08325675,0.207063,0.29031975,100.17817108333334
ATL2,11.166390333333334,0.054146,0.23453,0.711324,729.1419533333333,0.052455,0.215076,0.733246,94.025465,0.058051,0.173584,0.769192,9.99103,0.055352,0.227025,0.717706,0.288676,0.26753099999999996,0.23163499999999998,0.282377,0.055000999999999994,0.21255374999999999,0.26755474999999995,211.08120966666664
LUC7L,640.350877,0.049461,0.109277,0.842518,1578.8944723333334,0.06411,0.126004,0.811271,371.42857133333337,0.065489,0.13228,0.80742,6.004544333333333,0.059144,0.214855,0.732475,0.158738,0.190114,0.19776900000000003,0.273999,0.059551,0.145604,0.205155,649.16961625
SIRT1,32.907196666666664,0.082425,0.222769,0.69683,1332.8608553333333,0.062014,0.19666,0.744022,127.86644633333334,0.064286,0.166538,0.771377,5.430044333333334,0.05832,0.229545,0.713744,0.30519399999999997,0.258674,0.23082399999999997,0.287865,0.06676125,0.203878,0.27063925,374.7661356666667
STAU1,1.040583,0.007812,0.054688,0.9375,5305.571187666667,0.06619,0.223637,0.711262,207.73175533333335,0.12626,0.104193,0.775844,5.808782999999999,0.074555,0.222306,0.70674,0.0625,0.289827,0.23045300000000002,0.296861,0.06870425,0.151206,0.21991025000000003,1380.0380772500002
RBM4,101.65484633333334,0.096657,0.083031,0.8211,1673.31791,0.072672,0.19462,0.735301,2180.065114,0.069906,0.107978,0.824144,132.023932,0.072103,0.24244,0.689407,0.17968800000000001,0.267292,0.177884,0.314543,0.0778345,0.15701725,0.23485175,1021.7654505833334
CLTB,56.56795733333333,0.032089,0.184092,0.784291,1427.9691423333334,0.060568,0.193594,0.74839,1361.8546843333331,0.063182,0.121599,0.817048,10.987667666666667,0.082327,0.16202,0.758412,0.216181,0.254162,0.184781,0.24434699999999998,0.0595415,0.16532625,0.22486775,714.3448629166667
C9orf85,322.07045266666665,0.063264,0.209808,0.730114,1217.5292826666666,0.058038,0.230977,0.713151,484.2535786666667,0.062525,0.178648,0.762189,21.962827,0.067831,0.228601,0.706726,0.273072,0.28901499999999997,0.241173,0.29643200000000003,0.0629145,0.2120085,0.27492300000000003,511.45403525
EIF3A,52.401746333333335,0.044705,0.293511,0.661784,2231.9236846666668,0.064004,0.210426,0.727414,284.87138699999997,0.06651,0.204719,0.732165,4.536211333333333,0.063337,0.205372,0.732135,0.338216,0.27443,0.271229,0.268709,0.059639000000000005,0.22850700000000002,0.288146,643.4332573333335
DYNC1H1,86.83473366666668,0.075857,0.236769,0.687374,315.13605433333333,0.078257,0.2064,0.71959,196.61430300000004,0.08963,0.158077,0.755942,4.286515333333333,0.07902,0.194269,0.729983,0.312626,0.284657,0.247707,0.273289,0.08069099999999998,0.19887875000000002,0.27956975,150.71790158333334
RHOA,189.9345053333333,0.076572,0.206471,0.720047,20601.519703333335,0.059538,0.219547,0.722611,10535.460993,0.063002,0.264343,0.673591,64.43245866666666,0.075998,0.243595,0.683687,0.283043,0.27908499999999997,0.327345,0.319593,0.0687775,0.233489,0.3022665,7847.836915083334
YY1,502.05761333333334,0.107838,0.14935,0.743532,3353.186841666666,0.062504,0.223115,0.717513,1500.4016060000001,0.103307,0.10619,0.792337,5.640735333333333,0.07494,0.166899,0.762384,0.257188,0.285619,0.209497,0.241839,0.08714725,0.16138850000000002,0.24853575000000003,1340.3216990833332
COG7,107.69230766666665,0.054377,0.045511,0.900112,728.3372363333333,0.055244,0.081776,0.86383,39.919296333333335,0.061936,0.095738,0.846232,0.5936766666666666,0.070632,0.229723,0.699645,0.099888,0.13702,0.157674,0.30035500000000004,0.06054725,0.11318700000000001,0.17373425,219.13562925
GTF3C1,0.0,0.0,0.0,0.0,1342.4489793333335,0.088678,0.269397,0.645333,48.12133133333333,0.069367,0.280418,0.653152,0.477299,0.060725,0.252506,0.690354,0.0,0.35807500000000003,0.349785,0.31323100000000004,0.0546925,0.20058025,0.25527275000000005,463.68253655555554
ZNF582,128.30349533333333,0.066032,0.220366,0.719251,187.94963999999996,0.036988,0.181027,0.782241,76.50273233333334,0.043558,0.153449,0.805194,13.403626666666666,0.057621,0.192845,0.751988,0.286398,0.218015,0.197007,0.25046599999999997,0.05104975,0.18692175,0.23797149999999997,101.53987358333332
MED4,0.0,0.0,0.0,0.0,3970.983722333334,0.068413,0.15045,0.782708,1379.2537923333336,0.063131,0.163027,0.775662,13.520570999999999,0.0549,0.204405,0.740857,0.0,0.218863,0.22615800000000003,0.259305,0.046611,0.1294705,0.1760815,1787.9193618888892
PLEKHB2,17.040731666666666,0.049162,0.162252,0.788586,1709.8646033333334,0.069912,0.231634,0.701978,44.44444433333334,0.048469,0.095305,0.858179,2.1743540000000006,0.041701,0.181335,0.779326,0.211414,0.301546,0.143774,0.223036,0.052310999999999996,0.16763150000000002,0.21994249999999999,443.3810333333334
RBM25,189.83957199999998,0.043299,0.245434,0.711323,1162.3514086666667,0.057638,0.207724,0.73725,297.13006866666666,0.072542,0.07399,0.855128,7.673959,0.068881,0.179864,0.754405,0.288733,0.265362,0.146532,0.248745,0.06059,0.176753,0.237343,414.24875208333333
KIF13B,152.77777749999998,0.304332,0.181108,0.539062,144.0380243333333,0.082292,0.276038,0.644355,1.5508115,0.080193,0.286305,0.643842,1.1708100000000001,0.055556,0.173397,0.771047,0.48544,0.35833000000000004,0.366498,0.228953,0.13059325,0.229212,0.35980525,74.88435583333333
UBE2L3,2567.0362506666665,0.053536,0.258231,0.692016,496.04386999999997,0.087773,0.25243,0.662835,455.875413,0.080235,0.244735,0.67703,8.126379666666667,0.084158,0.229257,0.692377,0.311767,0.340203,0.32497,0.313415,0.07642550000000001,0.24616325,0.32258875,881.7704783333332
RPS3A,475.7575756666667,0.093638,0.235134,0.679911,1255.159019,0.091822,0.225057,0.687578,1789.5178196666666,0.073489,0.237336,0.693832,43.60867533333334,0.075073,0.216318,0.71587,0.328772,0.316879,0.310825,0.291391,0.0835055,0.22846125,0.31196675,891.0107724166667
CLTA,4057.595392333333,0.094021,0.119217,0.789774,532.4198193333333,0.110799,0.239986,0.650494,1171.5963223333333,0.092212,0.084236,0.825706,4.4646273333333335,0.074025,0.169401,0.759754,0.21323799999999998,0.350785,0.176448,0.24342599999999998,0.09276425,0.15321,0.24597424999999995,1441.5190403333334
CUL3,38.528896333333336,0.066584,0.125592,0.807824,892.3890926666667,0.055228,0.133649,0.812538,273.8045446666667,0.056668,0.118606,0.826391,7.838192666666668,0.05926,0.187783,0.754877,0.192176,0.188877,0.175274,0.247043,0.059435,0.1414075,0.2008425,303.14018158333334
LUC7L2,883.4534843333334,0.077968,0.237837,0.690583,2871.746031666666,0.06798,0.186236,0.748834,1661.3529533333333,0.063692,0.129962,0.808947,65.85852466666667,0.064963,0.208505,0.729862,0.315805,0.254216,0.193654,0.273468,0.06865075,0.190635,0.25928575,1370.6027485
PCMTD1,51.20772933333333,0.067512,0.092055,0.842608,1436.6270590000001,0.054674,0.225923,0.720603,184.42515133333336,0.084923,0.14291,0.774875,23.876446666666666,0.081219,0.240454,0.68022,0.15956700000000001,0.280597,0.227833,0.321673,0.072082,0.17533549999999998,0.24741749999999998,424.0340965833334
TMEM41B,67.98245633333333,0.086946,0.31061,0.602445,320.7403653333334,0.051257,0.218125,0.731081,19.431988333333333,0.071214,0.099159,0.829627,4.373133,0.072156,0.171261,0.762599,0.397556,0.269382,0.170373,0.243417,0.07039324999999999,0.19978875,0.27018200000000003,103.13198575000001
PPP2CA,9.3708165,0.067801,0.266462,0.665737,2656.936937,0.055133,0.160893,0.785632,875.2688173333335,0.059918,0.196357,0.746067,18.384879666666667,0.061014,0.210406,0.728878,0.334263,0.216026,0.25627500000000003,0.27142,0.06096650000000001,0.2085295,0.269496,889.990362625
LRRC40,3.60036,0.054362,0.23112,0.714518,728.1559653333334,0.05648,0.210791,0.735823,408.32190233333336,0.074271,0.122946,0.805419,5.9963413333333335,0.067187,0.214085,0.72254,0.285482,0.26727100000000004,0.197217,0.28127199999999997,0.06307499999999999,0.19473549999999998,0.2578105,286.51864225
SNX11,0.0,0.0,0.0,0.0,591.017678,0.057537,0.234555,0.711041,81.42799833333335,0.135468,0.054688,0.809845,2.5173883333333333,0.054768,0.185607,0.759907,0.0,0.292092,0.190156,0.240375,0.061943250000000005,0.1187125,0.18065575,224.98768822222223
FLNB,41.958042,0.02474,0.063151,0.912109,251.60503333333335,0.058263,0.241592,0.70471,13.625242666666667,0.065451,0.110838,0.827133,0.038739,0.007161,0.003255,0.989583,0.087891,0.299855,0.176289,0.010416,0.03890375,0.104709,0.14361274999999998,76.80676425000001
ZFR,103.6585365,0.085478,0.255055,0.659467,1785.103526,0.052082,0.19489,0.754063,129.92248066666667,0.066155,0.223996,0.711435,4.566369666666667,0.08128,0.243823,0.675638,0.340533,0.24697200000000002,0.290151,0.32510300000000003,0.07124875000000001,0.229441,0.30068975,505.81272820833334
LUC7L3,18.6335405,0.061849,0.083659,0.854492,2192.967555333333,0.065393,0.193665,0.744135,526.9754766666666,0.076241,0.097915,0.828444,9.336409,0.054691,0.205199,0.744186,0.145508,0.259058,0.174156,0.25989,0.0645435,0.1451095,0.20965299999999998,686.9782453749999
IP6K1,159.19830566666667,0.072154,0.19605,0.735376,980.0589166666665,0.101521,0.263996,0.637224,324.96526766666665,0.0879,0.2005,0.714905,3.438561,0.097186,0.189658,0.714665,0.268204,0.365517,0.2884,0.286844,0.08969025,0.21255100000000002,0.30224125,366.91526274999995
SNRPG,99.43502833333332,0.077481,0.207298,0.717921,1378.4946236666667,0.067471,0.235509,0.700977,202.92083033333336,0.064512,0.204491,0.734898,8.720844000000001,0.051549,0.228822,0.720065,0.284779,0.30298,0.269003,0.280371,0.06525325,0.21903,0.28428325,422.3928315833333
ZNF397,126.38230633333336,0.103581,0.209294,0.691781,309.83560866666664,0.066704,0.226075,0.71106,73.56395466666667,0.057483,0.142723,0.803174,39.512583666666664,0.062382,0.227256,0.713997,0.312875,0.292779,0.200206,0.289638,0.0725375,0.20133700000000002,0.2738745,137.32361333333333
ASXL1,121.938644,0.084253,0.181265,0.7353,1119.3293886666665,0.060362,0.261157,0.681598,418.006589,0.065387,0.270187,0.670701,27.986102333333335,0.076739,0.249836,0.678225,0.26551800000000003,0.321519,0.33557400000000004,0.326575,0.07168525,0.24061125,0.31229650000000003,421.815181
ASH1L,234.33226333333332,0.08057,0.216046,0.707013,208.56672166666667,0.093857,0.260345,0.647031,30.397615666666667,0.084561,0.143899,0.774442,2.711201666666667,0.080037,0.19389,0.729688,0.296616,0.354202,0.22846,0.27392700000000003,0.08475625,0.203545,0.28830125,119.00195058333334
TRA2A,32.168608,0.072232,0.252256,0.675512,11610.038609999998,0.08485,0.232401,0.685339,56.144484,0.071378,0.258277,0.670345,24.275319666666665,0.061453,0.231424,0.707944,0.324488,0.317251,0.329655,0.292877,0.07247825,0.2435895,0.31606775000000004,2930.6567554166663
SORT1,6.052745333333333,0.140625,0.259487,0.599888,1023.794073,0.06397,0.121147,0.815715,366.37897533333336,0.063036,0.070553,0.867973,7.920703,0.061462,0.224938,0.716098,0.400112,0.185117,0.133589,0.2864,0.08227325,0.16903125,0.2513045,351.0366241666667
SERINC3,28.985507,0.074498,0.230329,0.695173,1451.3578406666668,0.066633,0.216648,0.719245,186.0465113333333,0.057606,0.22166,0.724147,25.537049333333332,0.092791,0.246001,0.663918,0.304827,0.283281,0.279266,0.338792,0.072882,0.22865950000000002,0.3015415,422.98172708333334
PILRB,548.0800256666666,0.081711,0.162134,0.76027,0.0,0.0,0.0,0.0,2417.543859666667,0.089885,0.101581,0.810147,29.805332000000003,0.067071,0.193945,0.740947,0.243845,0.0,0.19146600000000003,0.261016,0.059666750000000005,0.11441500000000002,0.17408175,998.4764057777778
ZNF235,0.0,0.0,0.0,0.0,358.23754800000006,0.058076,0.187462,0.75907,63.148399000000005,0.05146,0.224535,0.727892,0.0,0.0,0.0,0.0,0.0,0.24553799999999998,0.275995,0.0,0.027384,0.10299925,0.13038325,210.69297350000002
DYNC1I2,3.484321,0.0,0.097656,0.902344,850.4480683333333,0.049961,0.22996,0.723058,70.35345833333334,0.069646,0.162316,0.771522,2.4650356666666666,0.06354,0.19883,0.742504,0.097656,0.279921,0.231962,0.26237,0.04578675,0.17219050000000002,0.21797725,231.68772083333334
MEF2D,57.947019666666655,0.078088,0.258966,0.668229,1082.695253,0.103324,0.261891,0.636664,102.171137,0.074764,0.132267,0.793864,12.597583333333333,0.113925,0.230605,0.660246,0.33705399999999996,0.36521499999999996,0.207031,0.34453,0.09252525,0.22093225,0.31345749999999994,313.85274825000005
YWHAE,40.178571000000005,0.046441,0.208333,0.745226,15535.843137333331,0.064682,0.23996,0.696731,310.763889,0.050574,0.264485,0.688269,8.689575,0.121808,0.207596,0.675067,0.254774,0.304642,0.31505900000000003,0.32940400000000003,0.07087625,0.2300935,0.30096975000000004,3973.868793083333
ARID1B,228.67328733333338,0.06732,0.247651,0.688257,1228.9868593333333,0.062758,0.24201,0.699408,147.06156266666667,0.11442,0.257884,0.631761,5.878845000000001,0.064635,0.222094,0.716121,0.314971,0.304768,0.37230399999999997,0.286729,0.07728325,0.24240975,0.319693,402.65013858333333
ZNF180,5.12492,0.125814,0.227214,0.646973,127.024723,0.057608,0.15096,0.791836,399.07229666666666,0.099449,0.228352,0.674892,1.4217223333333333,0.068484,0.215966,0.71555,0.353028,0.208568,0.327801,0.28445,0.08783875,0.205623,0.29346174999999997,133.16091550000002
MILR1,240.47619033333334,0.059174,0.07476,0.866066,960.7451766666667,0.101721,0.170382,0.73235,145.11378833333333,0.091087,0.124157,0.785924,35.853111000000006,0.093891,0.196006,0.714169,0.133934,0.272103,0.215244,0.289897,0.08646825000000001,0.14132625,0.2277945,345.54706658333333
ENSA,213.261649,0.113314,0.171809,0.723805,3436.3022306666667,0.090033,0.162478,0.750715,711.817168,0.080205,0.212345,0.712222,54.357664,0.062347,0.209958,0.731356,0.285123,0.25251100000000004,0.29255,0.272305,0.08647475,0.1891475,0.27562225,1103.9346779166667
COG3,121.67300366666667,0.101725,0.123779,0.777832,917.8359839999999,0.05919,0.206195,0.738255,29.56167166666667,0.082743,0.155201,0.767184,6.9716776666666656,0.076385,0.229671,0.697259,0.22550399999999998,0.265385,0.237944,0.306056,0.08001074999999999,0.1787115,0.25872225,269.01058424999997
ARF4,397.1217423333333,0.06517,0.236407,0.70153,1632.0383183333333,0.059446,0.218921,0.724098,356.00996166666664,0.053379,0.243325,0.705835,52.55514133333333,0.059547,0.241163,0.700149,0.301577,0.27836700000000003,0.296704,0.30071,0.05938550000000001,0.234954,0.29433950000000003,609.4312909166666
ATF2,47.85077033333332,0.071438,0.196107,0.733117,1275.904104,0.051782,0.225772,0.722754,48.14814833333333,0.052513,0.073282,0.875672,3.5951690000000003,0.061029,0.22362,0.716866,0.26754500000000003,0.277554,0.125795,0.28464900000000004,0.0591905,0.17969525,0.23888575,343.87454791666664
VTI1B,71.24681933333333,0.055804,0.166016,0.778181,1504.9402823333332,0.063464,0.195901,0.742522,265.4661276666667,0.063715,0.191129,0.747577,8.052815,0.087681,0.213392,0.702541,0.22182,0.259365,0.25484399999999996,0.301073,0.067666,0.1916095,0.2592755,462.42651108333337
STX12,153.55805233333334,0.112233,0.133765,0.754002,1239.8297066666667,0.057859,0.21577,0.73071,155.63578033333334,0.053781,0.133457,0.813426,9.206421666666666,0.070512,0.229133,0.705197,0.245998,0.273629,0.187238,0.299645,0.07359625,0.17803125,0.2516275,389.55749025
ATG4D,1915.8909033333337,0.081613,0.155434,0.765795,3670.4416760000004,0.079081,0.132066,0.791484,468.043539,0.084604,0.116451,0.801411,14.991181666666668,0.074717,0.204533,0.724778,0.237047,0.21114699999999997,0.20105499999999998,0.27925,0.08000375000000001,0.15212099999999998,0.23212475,1517.3418250000002
ARFGAP2,997.626187,0.06015,0.189008,0.75415,2569.6711616666666,0.101562,0.269976,0.630192,130.64713066666667,0.078583,0.128424,0.795573,6.578173333333333,0.073249,0.225327,0.70365,0.24915800000000002,0.371538,0.207007,0.298576,0.078386,0.20318375,0.28156975,926.1306631666666
SMARCC1,41.666667000000004,0.016602,0.116211,0.867188,3806.777451666667,0.067503,0.240239,0.692594,7.434197,0.099451,0.207717,0.692832,2.2091296666666667,0.087059,0.223849,0.693376,0.132813,0.307742,0.307168,0.31090799999999996,0.06765375,0.19700399999999998,0.26465775,964.5218613333334
MORF4L1,27.19033233333333,0.125579,0.092231,0.78219,5162.313432666667,0.057015,0.223333,0.722174,231.09886766666668,0.08303,0.138685,0.780474,14.142198,0.084592,0.207103,0.719727,0.21781,0.280348,0.221715,0.29169500000000004,0.087554,0.165338,0.252892,1358.6862076666666
ARID1A,117.29405333333335,0.103852,0.236773,0.663608,1452.8843646666667,0.0561,0.253689,0.692815,408.43325366666676,0.07785,0.268002,0.659954,38.59777866666666,0.070343,0.222937,0.712379,0.340625,0.309789,0.34585200000000005,0.29328,0.07703625,0.24535025,0.3223865,504.3023625833334
YWHAQ,112.70983199999999,0.10389,0.220246,0.675864,38321.455647999996,0.054458,0.215004,0.732189,991.8699186666668,0.052948,0.257768,0.69274,14.735511333333335,0.075498,0.243638,0.683824,0.324136,0.269462,0.310716,0.319136,0.0716985,0.234164,0.3058625,9860.192727499998
